Currency,mean daily return (mu),std return (sigma),annualised volatility,skewness (gamma),kurtosis (kappa),Max DD,AC(1)
BRL,0.00034214431778117703,0.010302684981366007,0.1635500537816075,0.07056019600571373,3.3345050186206615,1.8879242991616425,-0.09477898419357368
EGP,0.0005758950819711133,0.012703984791045479,0.2016695064999192,30.302274726141857,1070.6854068396678,1.0390208512007912,-0.0033746110727713393
TRY,0.001221453222598559,0.012734943079915326,0.20216095410011348,0.22664202160933652,88.0351989600057,2.017830615042239,0.1283065696368558
